model,accuracy,f1,roc_auc,runtime_s
logreg,0.8156424581005587,0.7518796992481203,0.8745718050065876,0.009
rf,0.7988826815642458,0.7272727272727273,0.8169960474308301,0.01
gb,0.8100558659217877,0.7258064516129032,0.8527667984189724,0.072
svc,0.8379888268156425,0.7819548872180451,0.8466403162055335,0.04
