Model,Stage,Accuracy,Precision,Recall,F1-Score
Logistic Regression,Baseline,0.7988826815642458,0.7704918032786885,0.6811594202898551,0.7230769230769231
Logistic Regression,Tuned,0.7597765363128491,0.6805555555555556,0.7101449275362319,0.6950354609929078
Decision Tree,Baseline,0.7932960893854749,0.7580645161290323,0.6811594202898551,0.7175572519083969
Decision Tree,Tuned,0.8044692737430168,0.8035714285714286,0.6521739130434783,0.72
K-Nearest Neighbors (KNN),Baseline,0.7932960893854749,0.75,0.6956521739130435,0.7218045112781954
K-Nearest Neighbors,Tuned,0.7653631284916201,0.7142857142857143,0.6521739130434783,0.6818181818181818
