Model,Stage,Accuracy,Precision,Recall,F1-Score,Train Time (s)
Logistic Regression,baseline,0.7988826815642458,0.7704918032786885,0.6811594202898551,0.7230769230769231,0.005610466003417969
Decision Tree,baseline,0.7932960893854749,0.7580645161290323,0.6811594202898551,0.7175572519083969,0.0032722949981689453
K-Nearest Neighbors (KNN),baseline,0.7932960893854749,0.75,0.6956521739130435,0.7218045112781954,0.0023992061614990234
