Model,Best CV F1-Score,Val Accuracy,Val Precision,Val Recall,Val F1-Score,Tuning Time (s)
Logistic Regression,0.7434679915616804,0.7597765363128491,0.6805555555555556,0.7101449275362319,0.6950354609929078,0.08402609825134277
Decision Tree,0.7544687614790707,0.8044692737430168,0.8035714285714286,0.6521739130434783,0.72,0.22751235961914062
K-Nearest Neighbors,0.7469113380799911,0.7653631284916201,0.7142857142857143,0.6521739130434783,0.6818181818181818,0.0794527530670166
